distrito,monto
La Molina,278.5755443548387
San Isidro,276.01760532150774
Callao,274.6433137254902
Surco,270.86269598470363
Cajamarca,269.64541338582677
Miraflores,261.0516015625
